+test5,123123,Sdfepfl+07.11.2015.5
+test6,123123,Sdfepfl+07.11.2015.6
+test7,123123,Sdfepfl+07.11.2015.7
+test8,123123,Sdfepfl+07.11.2015.8
+test9,123123,Sdfepfl+07.11.2015.9
+test10,123123,Sdfepfl+07.11.2015.10
+test11,123123,Sdfepfl+07.11.2015.11
+test12,123123,Sdfepfl+07.11.2015.12
+test13,123123,Sdfepfl+07.11.2015.13
+test14,123123,Sdfepfl+07.11.2015.14
+test15,123123,Sdfepfl+07.11.2015.15
+test16,123123,Sdfepfl+07.11.2015.16
+test17,123123,Sdfepfl+07.11.2015.17
+test18,123123,Sdfepfl+07.11.2015.18
+test19,123123,Sdfepfl+07.11.2015.19
+test20,123123,Sdfepfl+07.11.2015.20
+test21,123123,Sdfepfl+07.11.2015.21
+test22,123123,Sdfepfl+07.11.2015.22
+test23,123123,Sdfepfl+07.11.2015.23
+test24,123123,Sdfepfl+07.11.2015.24
+test25,123123,Sdfepfl+07.11.2015.25
+test26,123123,Sdfepfl+07.11.2015.26
+test27,123123,Sdfepfl+07.11.2015.27
+test28,123123,Sdfepfl+07.11.2015.28
+test29,123123,Sdfepfl+07.11.2015.29
+test30,123123,Sdfepfl+07.11.2015.30
+test31,123123,Sdfepfl+07.11.2015.31
+test32,123123,Sdfepfl+07.11.2015.32
+test33,123123,Sdfepfl+07.11.2015.33
+test34,123123,Sdfepfl+07.11.2015.34
+test35,123123,Sdfepfl+07.11.2015.35
+test36,123123,Sdfepfl+07.11.2015.36
+test37,123123,Sdfepfl+07.11.2015.37
+test38,123123,Sdfepfl+07.11.2015.38
+test39,123123,Sdfepfl+07.11.2015.39
+test40,123123,Sdfepfl+07.11.2015.40
+test41,123123,Sdfepfl+07.11.2015.41
+test42,123123,Sdfepfl+07.11.2015.42
+test43,123123,Sdfepfl+07.11.2015.43
+test44,123123,Sdfepfl+07.11.2015.44
+test45,123123,Sdfepfl+07.11.2015.45
+test46,123123,Sdfepfl+07.11.2015.46
+test47,123123,Sdfepfl+07.11.2015.47
+test48,123123,Sdfepfl+07.11.2015.48
+test49,123123,Sdfepfl+07.11.2015.49
+test50,123123,Sdfepfl+07.11.2015.50
+test51,123123,Sdfepfl+07.11.2015.51
+test52,123123,Sdfepfl+07.11.2015.52
+test53,123123,Sdfepfl+07.11.2015.53
+test54,123123,Sdfepfl+07.11.2015.54
+test55,123123,Sdfepfl+07.11.2015.55
+test56,123123,Sdfepfl+07.11.2015.56
+test57,123123,Sdfepfl+07.11.2015.57
+test58,123123,Sdfepfl+07.11.2015.58
+test59,123123,Sdfepfl+07.11.2015.59
+test60,123123,Sdfepfl+07.11.2015.60
+test61,123123,Sdfepfl+07.11.2015.61
+test62,123123,Sdfepfl+07.11.2015.62
+test63,123123,Sdfepfl+07.11.2015.63
+test64,123123,Sdfepfl+07.11.2015.64
+test65,123123,Sdfepfl+07.11.2015.65
+test66,123123,Sdfepfl+07.11.2015.66
+test67,123123,Sdfepfl+07.11.2015.67
+test68,123123,Sdfepfl+07.11.2015.68
+test69,123123,Sdfepfl+07.11.2015.69
+test70,123123,Sdfepfl+07.11.2015.70
+test71,123123,Sdfepfl+07.11.2015.71
+test72,123123,Sdfepfl+07.11.2015.72
+test73,123123,Sdfepfl+07.11.2015.73
+test74,123123,Sdfepfl+07.11.2015.74
+test75,123123,Sdfepfl+07.11.2015.75
+test76,123123,Sdfepfl+07.11.2015.76
+test77,123123,Sdfepfl+07.11.2015.77
+test78,123123,Sdfepfl+07.11.2015.78
+test79,123123,Sdfepfl+07.11.2015.79
+test80,123123,Sdfepfl+07.11.2015.80
+test81,123123,Sdfepfl+07.11.2015.81
+test82,123123,Sdfepfl+07.11.2015.82
+test83,123123,Sdfepfl+07.11.2015.83
+test84,123123,Sdfepfl+07.11.2015.84
+test85,123123,Sdfepfl+07.11.2015.85
+test86,123123,Sdfepfl+07.11.2015.86
+test87,123123,Sdfepfl+07.11.2015.87
+test88,123123,Sdfepfl+07.11.2015.88
+test89,123123,Sdfepfl+07.11.2015.89
+test90,123123,Sdfepfl+07.11.2015.90
+test91,123123,Sdfepfl+07.11.2015.91
+test92,123123,Sdfepfl+07.11.2015.92
+test93,123123,Sdfepfl+07.11.2015.93
+test94,123123,Sdfepfl+07.11.2015.94
+test95,123123,Sdfepfl+07.11.2015.95
+test96,123123,Sdfepfl+07.11.2015.96
+test97,123123,Sdfepfl+07.11.2015.97
+test98,123123,Sdfepfl+07.11.2015.98
+test99,123123,Sdfepfl+07.11.2015.99
+test100,123123,Sdfepfl+07.11.2015.100
+test101,123123,Sdfepfl+07.11.2015.101
+test102,123123,Sdfepfl+07.11.2015.102
+test103,123123,Sdfepfl+07.11.2015.103
+test104,123123,Sdfepfl+07.11.2015.104
+test105,123123,Sdfepfl+07.11.2015.105
+test106,123123,Sdfepfl+07.11.2015.106
+test107,123123,Sdfepfl+07.11.2015.107
+test108,123123,Sdfepfl+07.11.2015.108
+test109,123123,Sdfepfl+07.11.2015.109
+test110,123123,Sdfepfl+07.11.2015.110
+test111,123123,Sdfepfl+07.11.2015.111
+test112,123123,Sdfepfl+07.11.2015.112
+test113,123123,Sdfepfl+07.11.2015.113
+test114,123123,Sdfepfl+07.11.2015.114
+test115,123123,Sdfepfl+07.11.2015.115
+test116,123123,Sdfepfl+07.11.2015.116
+test117,123123,Sdfepfl+07.11.2015.117
+test118,123123,Sdfepfl+07.11.2015.118
+test119,123123,Sdfepfl+07.11.2015.119
+test120,123123,Sdfepfl+07.11.2015.120
+test121,123123,Sdfepfl+07.11.2015.121
+test122,123123,Sdfepfl+07.11.2015.122
+test123,123123,Sdfepfl+07.11.2015.123
+test124,123123,Sdfepfl+07.11.2015.124
+test125,123123,Sdfepfl+07.11.2015.125
+test126,123123,Sdfepfl+07.11.2015.126
+test127,123123,Sdfepfl+07.11.2015.127
+test128,123123,Sdfepfl+07.11.2015.128
+test129,123123,Sdfepfl+07.11.2015.129
+test130,123123,Sdfepfl+07.11.2015.130
+test131,123123,Sdfepfl+07.11.2015.131
+test132,123123,Sdfepfl+07.11.2015.132
+test133,123123,Sdfepfl+07.11.2015.133
+test134,123123,Sdfepfl+07.11.2015.134
+test135,123123,Sdfepfl+07.11.2015.135
+test136,123123,Sdfepfl+07.11.2015.136
+test137,123123,Sdfepfl+07.11.2015.137
+test138,123123,Sdfepfl+07.11.2015.138
+test139,123123,Sdfepfl+07.11.2015.139
+test140,123123,Sdfepfl+07.11.2015.140
+test141,123123,Sdfepfl+07.11.2015.141
+test142,123123,Sdfepfl+07.11.2015.142
+test143,123123,Sdfepfl+07.11.2015.143
+test144,123123,Sdfepfl+07.11.2015.144
+test145,123123,Sdfepfl+07.11.2015.145
+test146,123123,Sdfepfl+07.11.2015.146
+test147,123123,Sdfepfl+07.11.2015.147
+test148,123123,Sdfepfl+07.11.2015.148
+test149,123123,Sdfepfl+07.11.2015.149
+test150,123123,Sdfepfl+07.11.2015.150
+test151,123123,Sdfepfl+07.11.2015.151
+test152,123123,Sdfepfl+07.11.2015.152
+test153,123123,Sdfepfl+07.11.2015.153
+test154,123123,Sdfepfl+07.11.2015.154
+test155,123123,Sdfepfl+07.11.2015.155
+test156,123123,Sdfepfl+07.11.2015.156
+test157,123123,Sdfepfl+07.11.2015.157
+test158,123123,Sdfepfl+07.11.2015.158
+test159,123123,Sdfepfl+07.11.2015.159
+test160,123123,Sdfepfl+07.11.2015.160
+test161,123123,Sdfepfl+07.11.2015.161
+test162,123123,Sdfepfl+07.11.2015.162
+test163,123123,Sdfepfl+07.11.2015.163
+test164,123123,Sdfepfl+07.11.2015.164
+test165,123123,Sdfepfl+07.11.2015.165
+test166,123123,Sdfepfl+07.11.2015.166
+test167,123123,Sdfepfl+07.11.2015.167
+test168,123123,Sdfepfl+07.11.2015.168
+test169,123123,Sdfepfl+07.11.2015.169
+test170,123123,Sdfepfl+07.11.2015.170
+test171,123123,Sdfepfl+07.11.2015.171
+test172,123123,Sdfepfl+07.11.2015.172
+test173,123123,Sdfepfl+07.11.2015.173
+test174,123123,Sdfepfl+07.11.2015.174
+test175,123123,Sdfepfl+07.11.2015.175
+test176,123123,Sdfepfl+07.11.2015.176
+test177,123123,Sdfepfl+07.11.2015.177
+test178,123123,Sdfepfl+07.11.2015.178
+test179,123123,Sdfepfl+07.11.2015.179
+test180,123123,Sdfepfl+07.11.2015.180
+test181,123123,Sdfepfl+07.11.2015.181
+test182,123123,Sdfepfl+07.11.2015.182
+test183,123123,Sdfepfl+07.11.2015.183
+test184,123123,Sdfepfl+07.11.2015.184
+test185,123123,Sdfepfl+07.11.2015.185
+test186,123123,Sdfepfl+07.11.2015.186
+test187,123123,Sdfepfl+07.11.2015.187
+test188,123123,Sdfepfl+07.11.2015.188
+test189,123123,Sdfepfl+07.11.2015.189
+test190,123123,Sdfepfl+07.11.2015.190
+test191,123123,Sdfepfl+07.11.2015.191
+test192,123123,Sdfepfl+07.11.2015.192
+test193,123123,Sdfepfl+07.11.2015.193
+test194,123123,Sdfepfl+07.11.2015.194
+test195,123123,Sdfepfl+07.11.2015.195
+test196,123123,Sdfepfl+07.11.2015.196
+test197,123123,Sdfepfl+07.11.2015.197
+test198,123123,Sdfepfl+07.11.2015.198
+test199,123123,Sdfepfl+07.11.2015.199
+test200,123123,Sdfepfl+07.11.2015.200
+test201,123123,Sdfepfl+07.11.2015.201
+test202,123123,Sdfepfl+07.11.2015.202
+test203,123123,Sdfepfl+07.11.2015.203
+test204,123123,Sdfepfl+07.11.2015.204
+test205,123123,Sdfepfl+07.11.2015.205
+test206,123123,Sdfepfl+07.11.2015.206
+test207,123123,Sdfepfl+07.11.2015.207
+test208,123123,Sdfepfl+07.11.2015.208
+test209,123123,Sdfepfl+07.11.2015.209
+test210,123123,Sdfepfl+07.11.2015.210
+test211,123123,Sdfepfl+07.11.2015.211
+test212,123123,Sdfepfl+07.11.2015.212
+test213,123123,Sdfepfl+07.11.2015.213
+test214,123123,Sdfepfl+07.11.2015.214
+test215,123123,Sdfepfl+07.11.2015.215
+test216,123123,Sdfepfl+07.11.2015.216
+test217,123123,Sdfepfl+07.11.2015.217
+test218,123123,Sdfepfl+07.11.2015.218
+test219,123123,Sdfepfl+07.11.2015.219
+test220,123123,Sdfepfl+07.11.2015.220
+test221,123123,Sdfepfl+07.11.2015.221
+test222,123123,Sdfepfl+07.11.2015.222
+test223,123123,Sdfepfl+07.11.2015.223
+test224,123123,Sdfepfl+07.11.2015.224
+test225,123123,Sdfepfl+07.11.2015.225
+test226,123123,Sdfepfl+07.11.2015.226
+test227,123123,Sdfepfl+07.11.2015.227
+test228,123123,Sdfepfl+07.11.2015.228
+test229,123123,Sdfepfl+07.11.2015.229
+test230,123123,Sdfepfl+07.11.2015.230
+test231,123123,Sdfepfl+07.11.2015.231
+test232,123123,Sdfepfl+07.11.2015.232
+test233,123123,Sdfepfl+07.11.2015.233
+test234,123123,Sdfepfl+07.11.2015.234
+test235,123123,Sdfepfl+07.11.2015.235
+test236,123123,Sdfepfl+07.11.2015.236
+test237,123123,Sdfepfl+07.11.2015.237
+test238,123123,Sdfepfl+07.11.2015.238
+test239,123123,Sdfepfl+07.11.2015.239
+test240,123123,Sdfepfl+07.11.2015.240
+test241,123123,Sdfepfl+07.11.2015.241
+test242,123123,Sdfepfl+07.11.2015.242
+test243,123123,Sdfepfl+07.11.2015.243
+test244,123123,Sdfepfl+07.11.2015.244
+test245,123123,Sdfepfl+07.11.2015.245
+test246,123123,Sdfepfl+07.11.2015.246
+test247,123123,Sdfepfl+07.11.2015.247
+test248,123123,Sdfepfl+07.11.2015.248
+test249,123123,Sdfepfl+07.11.2015.249
+test250,123123,Sdfepfl+07.11.2015.250
+test251,123123,Sdfepfl+07.11.2015.251
+test252,123123,Sdfepfl+07.11.2015.252
+test253,123123,Sdfepfl+07.11.2015.253
+test254,123123,Sdfepfl+07.11.2015.254
+test255,123123,Sdfepfl+07.11.2015.255
+test256,123123,Sdfepfl+07.11.2015.256
+test257,123123,Sdfepfl+07.11.2015.257
+test258,123123,Sdfepfl+07.11.2015.258
+test259,123123,Sdfepfl+07.11.2015.259
+test260,123123,Sdfepfl+07.11.2015.260
+test261,123123,Sdfepfl+07.11.2015.261
+test262,123123,Sdfepfl+07.11.2015.262
+test263,123123,Sdfepfl+07.11.2015.263
+test264,123123,Sdfepfl+07.11.2015.264
+test265,123123,Sdfepfl+07.11.2015.265
+test266,123123,Sdfepfl+07.11.2015.266
+test267,123123,Sdfepfl+07.11.2015.267
+test268,123123,Sdfepfl+07.11.2015.268
+test269,123123,Sdfepfl+07.11.2015.269
+test270,123123,Sdfepfl+07.11.2015.270
+test271,123123,Sdfepfl+07.11.2015.271
+test272,123123,Sdfepfl+07.11.2015.272
+test273,123123,Sdfepfl+07.11.2015.273
+test274,123123,Sdfepfl+07.11.2015.274
+test275,123123,Sdfepfl+07.11.2015.275
+test276,123123,Sdfepfl+07.11.2015.276
+test277,123123,Sdfepfl+07.11.2015.277
+test278,123123,Sdfepfl+07.11.2015.278
+test279,123123,Sdfepfl+07.11.2015.279
+test280,123123,Sdfepfl+07.11.2015.280
+test281,123123,Sdfepfl+07.11.2015.281
+test282,123123,Sdfepfl+07.11.2015.282
+test283,123123,Sdfepfl+07.11.2015.283
+test284,123123,Sdfepfl+07.11.2015.284
+test285,123123,Sdfepfl+07.11.2015.285
+test286,123123,Sdfepfl+07.11.2015.286
+test287,123123,Sdfepfl+07.11.2015.287
+test288,123123,Sdfepfl+07.11.2015.288
+test289,123123,Sdfepfl+07.11.2015.289
+test290,123123,Sdfepfl+07.11.2015.290
+test291,123123,Sdfepfl+07.11.2015.291
+test292,123123,Sdfepfl+07.11.2015.292
+test293,123123,Sdfepfl+07.11.2015.293
+test294,123123,Sdfepfl+07.11.2015.294
+test295,123123,Sdfepfl+07.11.2015.295
+test296,123123,Sdfepfl+07.11.2015.296
+test297,123123,Sdfepfl+07.11.2015.297
+test298,123123,Sdfepfl+07.11.2015.298
+test299,123123,Sdfepfl+07.11.2015.299
+test300,123123,Sdfepfl+07.11.2015.300
+test301,123123,Sdfepfl+07.11.2015.301
+test302,123123,Sdfepfl+07.11.2015.302
+test303,123123,Sdfepfl+07.11.2015.303
+test304,123123,Sdfepfl+07.11.2015.304
+test305,123123,Sdfepfl+07.11.2015.305
+test306,123123,Sdfepfl+07.11.2015.306
+test307,123123,Sdfepfl+07.11.2015.307
+test308,123123,Sdfepfl+07.11.2015.308
+test309,123123,Sdfepfl+07.11.2015.309
+test310,123123,Sdfepfl+07.11.2015.310
+test311,123123,Sdfepfl+07.11.2015.311
+test312,123123,Sdfepfl+07.11.2015.312
+test313,123123,Sdfepfl+07.11.2015.313
+test314,123123,Sdfepfl+07.11.2015.314
+test315,123123,Sdfepfl+07.11.2015.315
+test316,123123,Sdfepfl+07.11.2015.316
+test317,123123,Sdfepfl+07.11.2015.317
+test318,123123,Sdfepfl+07.11.2015.318
+test319,123123,Sdfepfl+07.11.2015.319
+test320,123123,Sdfepfl+07.11.2015.320
+test321,123123,Sdfepfl+07.11.2015.321
+test322,123123,Sdfepfl+07.11.2015.322
+test323,123123,Sdfepfl+07.11.2015.323
+test324,123123,Sdfepfl+07.11.2015.324
+test325,123123,Sdfepfl+07.11.2015.325
+test326,123123,Sdfepfl+07.11.2015.326
+test327,123123,Sdfepfl+07.11.2015.327
+test328,123123,Sdfepfl+07.11.2015.328
+test329,123123,Sdfepfl+07.11.2015.329
+test330,123123,Sdfepfl+07.11.2015.330
+test331,123123,Sdfepfl+07.11.2015.331
+test332,123123,Sdfepfl+07.11.2015.332
+test333,123123,Sdfepfl+07.11.2015.333
+test334,123123,Sdfepfl+07.11.2015.334
+test335,123123,Sdfepfl+07.11.2015.335
+test336,123123,Sdfepfl+07.11.2015.336
+test337,123123,Sdfepfl+07.11.2015.337
+test338,123123,Sdfepfl+07.11.2015.338
+test339,123123,Sdfepfl+07.11.2015.339
+test340,123123,Sdfepfl+07.11.2015.340
+test341,123123,Sdfepfl+07.11.2015.341
+test342,123123,Sdfepfl+07.11.2015.342
+test343,123123,Sdfepfl+07.11.2015.343
+test344,123123,Sdfepfl+07.11.2015.344
+test345,123123,Sdfepfl+07.11.2015.345
+test346,123123,Sdfepfl+07.11.2015.346
+test347,123123,Sdfepfl+07.11.2015.347
+test348,123123,Sdfepfl+07.11.2015.348
+test349,123123,Sdfepfl+07.11.2015.349
+test350,123123,Sdfepfl+07.11.2015.350
+test351,123123,Sdfepfl+07.11.2015.351
+test352,123123,Sdfepfl+07.11.2015.352
+test353,123123,Sdfepfl+07.11.2015.353
+test354,123123,Sdfepfl+07.11.2015.354
+test355,123123,Sdfepfl+07.11.2015.355
+test356,123123,Sdfepfl+07.11.2015.356
+test357,123123,Sdfepfl+07.11.2015.357
+test358,123123,Sdfepfl+07.11.2015.358
+test359,123123,Sdfepfl+07.11.2015.359
+test360,123123,Sdfepfl+07.11.2015.360
+test361,123123,Sdfepfl+07.11.2015.361
+test362,123123,Sdfepfl+07.11.2015.362
+test363,123123,Sdfepfl+07.11.2015.363
+test364,123123,Sdfepfl+07.11.2015.364
+test365,123123,Sdfepfl+07.11.2015.365
+test366,123123,Sdfepfl+07.11.2015.366
+test367,123123,Sdfepfl+07.11.2015.367
+test368,123123,Sdfepfl+07.11.2015.368
+test369,123123,Sdfepfl+07.11.2015.369
+test370,123123,Sdfepfl+07.11.2015.370
+test371,123123,Sdfepfl+07.11.2015.371
+test372,123123,Sdfepfl+07.11.2015.372
+test373,123123,Sdfepfl+07.11.2015.373
+test374,123123,Sdfepfl+07.11.2015.374
+test375,123123,Sdfepfl+07.11.2015.375
+test376,123123,Sdfepfl+07.11.2015.376
+test377,123123,Sdfepfl+07.11.2015.377
+test378,123123,Sdfepfl+07.11.2015.378
+test379,123123,Sdfepfl+07.11.2015.379
+test380,123123,Sdfepfl+07.11.2015.380
+test381,123123,Sdfepfl+07.11.2015.381
+test382,123123,Sdfepfl+07.11.2015.382
+test383,123123,Sdfepfl+07.11.2015.383
+test384,123123,Sdfepfl+07.11.2015.384
+test385,123123,Sdfepfl+07.11.2015.385
+test386,123123,Sdfepfl+07.11.2015.386
+test387,123123,Sdfepfl+07.11.2015.387
+test388,123123,Sdfepfl+07.11.2015.388
+test389,123123,Sdfepfl+07.11.2015.389
+test390,123123,Sdfepfl+07.11.2015.390
+test391,123123,Sdfepfl+07.11.2015.391
+test392,123123,Sdfepfl+07.11.2015.392
+test393,123123,Sdfepfl+07.11.2015.393
+test394,123123,Sdfepfl+07.11.2015.394
+test395,123123,Sdfepfl+07.11.2015.395
+test396,123123,Sdfepfl+07.11.2015.396
+test397,123123,Sdfepfl+07.11.2015.397
+test398,123123,Sdfepfl+07.11.2015.398
+test399,123123,Sdfepfl+07.11.2015.399
+test400,123123,Sdfepfl+07.11.2015.400
+test401,123123,Sdfepfl+07.11.2015.401
+test402,123123,Sdfepfl+07.11.2015.402
+test403,123123,Sdfepfl+07.11.2015.403
+test404,123123,Sdfepfl+07.11.2015.404
+test405,123123,Sdfepfl+07.11.2015.405
+test406,123123,Sdfepfl+07.11.2015.406
+test407,123123,Sdfepfl+07.11.2015.407
+test408,123123,Sdfepfl+07.11.2015.408
+test409,123123,Sdfepfl+07.11.2015.409
+test410,123123,Sdfepfl+07.11.2015.410
+test411,123123,Sdfepfl+07.11.2015.411
+test412,123123,Sdfepfl+07.11.2015.412
+test413,123123,Sdfepfl+07.11.2015.413
+test414,123123,Sdfepfl+07.11.2015.414
+test415,123123,Sdfepfl+07.11.2015.415
+test416,123123,Sdfepfl+07.11.2015.416
+test417,123123,Sdfepfl+07.11.2015.417
+test418,123123,Sdfepfl+07.11.2015.418
+test419,123123,Sdfepfl+07.11.2015.419
+test420,123123,Sdfepfl+07.11.2015.420
+test421,123123,Sdfepfl+07.11.2015.421
+test422,123123,Sdfepfl+07.11.2015.422
+test423,123123,Sdfepfl+07.11.2015.423
+test424,123123,Sdfepfl+07.11.2015.424
+test425,123123,Sdfepfl+07.11.2015.425
+test426,123123,Sdfepfl+07.11.2015.426
+test427,123123,Sdfepfl+07.11.2015.427
+test428,123123,Sdfepfl+07.11.2015.428
+test429,123123,Sdfepfl+07.11.2015.429
+test430,123123,Sdfepfl+07.11.2015.430
+test431,123123,Sdfepfl+07.11.2015.431
+test432,123123,Sdfepfl+07.11.2015.432
+test433,123123,Sdfepfl+07.11.2015.433
+test434,123123,Sdfepfl+07.11.2015.434
+test435,123123,Sdfepfl+07.11.2015.435
+test436,123123,Sdfepfl+07.11.2015.436
+test437,123123,Sdfepfl+07.11.2015.437
+test438,123123,Sdfepfl+07.11.2015.438
+test439,123123,Sdfepfl+07.11.2015.439
+test440,123123,Sdfepfl+07.11.2015.440
+test441,123123,Sdfepfl+07.11.2015.441
+test442,123123,Sdfepfl+07.11.2015.442
+test443,123123,Sdfepfl+07.11.2015.443
+test444,123123,Sdfepfl+07.11.2015.444
+test445,123123,Sdfepfl+07.11.2015.445
+test446,123123,Sdfepfl+07.11.2015.446
+test447,123123,Sdfepfl+07.11.2015.447
+test448,123123,Sdfepfl+07.11.2015.448
+test449,123123,Sdfepfl+07.11.2015.449
+test450,123123,Sdfepfl+07.11.2015.450
+test451,123123,Sdfepfl+07.11.2015.451
+test452,123123,Sdfepfl+07.11.2015.452
+test453,123123,Sdfepfl+07.11.2015.453
+test454,123123,Sdfepfl+07.11.2015.454
+test455,123123,Sdfepfl+07.11.2015.455
+test456,123123,Sdfepfl+07.11.2015.456
+test457,123123,Sdfepfl+07.11.2015.457
+test458,123123,Sdfepfl+07.11.2015.458
+test459,123123,Sdfepfl+07.11.2015.459
+test460,123123,Sdfepfl+07.11.2015.460
+test461,123123,Sdfepfl+07.11.2015.461
+test462,123123,Sdfepfl+07.11.2015.462
+test463,123123,Sdfepfl+07.11.2015.463
+test464,123123,Sdfepfl+07.11.2015.464
+test465,123123,Sdfepfl+07.11.2015.465
+test466,123123,Sdfepfl+07.11.2015.466
+test467,123123,Sdfepfl+07.11.2015.467
+test468,123123,Sdfepfl+07.11.2015.468
+test469,123123,Sdfepfl+07.11.2015.469
+test470,123123,Sdfepfl+07.11.2015.470
+test471,123123,Sdfepfl+07.11.2015.471
+test472,123123,Sdfepfl+07.11.2015.472
+test473,123123,Sdfepfl+07.11.2015.473
+test474,123123,Sdfepfl+07.11.2015.474
+test475,123123,Sdfepfl+07.11.2015.475
+test476,123123,Sdfepfl+07.11.2015.476
+test477,123123,Sdfepfl+07.11.2015.477
+test478,123123,Sdfepfl+07.11.2015.478
+test479,123123,Sdfepfl+07.11.2015.479
+test480,123123,Sdfepfl+07.11.2015.480
+test481,123123,Sdfepfl+07.11.2015.481
+test482,123123,Sdfepfl+07.11.2015.482
+test483,123123,Sdfepfl+07.11.2015.483
+test484,123123,Sdfepfl+07.11.2015.484
+test485,123123,Sdfepfl+07.11.2015.485
+test486,123123,Sdfepfl+07.11.2015.486
+test487,123123,Sdfepfl+07.11.2015.487
+test488,123123,Sdfepfl+07.11.2015.488
+test489,123123,Sdfepfl+07.11.2015.489
+test490,123123,Sdfepfl+07.11.2015.490
+test491,123123,Sdfepfl+07.11.2015.491
+test492,123123,Sdfepfl+07.11.2015.492
+test493,123123,Sdfepfl+07.11.2015.493
+test494,123123,Sdfepfl+07.11.2015.494
+test495,123123,Sdfepfl+07.11.2015.495
+test496,123123,Sdfepfl+07.11.2015.496
+test497,123123,Sdfepfl+07.11.2015.497
+test498,123123,Sdfepfl+07.11.2015.498
+test499,123123,Sdfepfl+07.11.2015.499
+test500,123123,Sdfepfl+07.11.2015.500
+test501,123123,Sdfepfl+07.11.2015.501
+test502,123123,Sdfepfl+07.11.2015.502
+test503,123123,Sdfepfl+07.11.2015.503
+test504,123123,Sdfepfl+07.11.2015.504
+test505,123123,Sdfepfl+07.11.2015.505
+test506,123123,Sdfepfl+07.11.2015.506
+test507,123123,Sdfepfl+07.11.2015.507
+test508,123123,Sdfepfl+07.11.2015.508
+test509,123123,Sdfepfl+07.11.2015.509
+test510,123123,Sdfepfl+07.11.2015.510
+test511,123123,Sdfepfl+07.11.2015.511
+test512,123123,Sdfepfl+07.11.2015.512
+test513,123123,Sdfepfl+07.11.2015.513
+test514,123123,Sdfepfl+07.11.2015.514
+test515,123123,Sdfepfl+07.11.2015.515
+test516,123123,Sdfepfl+07.11.2015.516
+test517,123123,Sdfepfl+07.11.2015.517
+test518,123123,Sdfepfl+07.11.2015.518
+test519,123123,Sdfepfl+07.11.2015.519
+test520,123123,Sdfepfl+07.11.2015.520
+test521,123123,Sdfepfl+07.11.2015.521
+test522,123123,Sdfepfl+07.11.2015.522
+test523,123123,Sdfepfl+07.11.2015.523
+test524,123123,Sdfepfl+07.11.2015.524
+test525,123123,Sdfepfl+07.11.2015.525
+test526,123123,Sdfepfl+07.11.2015.526
+test527,123123,Sdfepfl+07.11.2015.527
+test528,123123,Sdfepfl+07.11.2015.528
+test529,123123,Sdfepfl+07.11.2015.529
+test530,123123,Sdfepfl+07.11.2015.530
+test531,123123,Sdfepfl+07.11.2015.531
+test532,123123,Sdfepfl+07.11.2015.532
+test533,123123,Sdfepfl+07.11.2015.533
+test534,123123,Sdfepfl+07.11.2015.534
+test535,123123,Sdfepfl+07.11.2015.535
+test536,123123,Sdfepfl+07.11.2015.536
+test537,123123,Sdfepfl+07.11.2015.537
+test538,123123,Sdfepfl+07.11.2015.538
+test539,123123,Sdfepfl+07.11.2015.539
+test540,123123,Sdfepfl+07.11.2015.540
+test541,123123,Sdfepfl+07.11.2015.541
+test542,123123,Sdfepfl+07.11.2015.542
+test543,123123,Sdfepfl+07.11.2015.543
+test544,123123,Sdfepfl+07.11.2015.544
+test545,123123,Sdfepfl+07.11.2015.545
+test546,123123,Sdfepfl+07.11.2015.546
+test547,123123,Sdfepfl+07.11.2015.547
+test548,123123,Sdfepfl+07.11.2015.548
+test549,123123,Sdfepfl+07.11.2015.549
+test550,123123,Sdfepfl+07.11.2015.550
+test551,123123,Sdfepfl+07.11.2015.551
+test552,123123,Sdfepfl+07.11.2015.552
+test553,123123,Sdfepfl+07.11.2015.553
+test554,123123,Sdfepfl+07.11.2015.554
+test555,123123,Sdfepfl+07.11.2015.555
+test556,123123,Sdfepfl+07.11.2015.556
+test557,123123,Sdfepfl+07.11.2015.557
+test558,123123,Sdfepfl+07.11.2015.558
+test559,123123,Sdfepfl+07.11.2015.559
+test560,123123,Sdfepfl+07.11.2015.560
+test561,123123,Sdfepfl+07.11.2015.561
+test562,123123,Sdfepfl+07.11.2015.562
+test563,123123,Sdfepfl+07.11.2015.563
+test564,123123,Sdfepfl+07.11.2015.564
+test565,123123,Sdfepfl+07.11.2015.565
+test566,123123,Sdfepfl+07.11.2015.566
+test567,123123,Sdfepfl+07.11.2015.567
+test568,123123,Sdfepfl+07.11.2015.568
+test569,123123,Sdfepfl+07.11.2015.569
+test570,123123,Sdfepfl+07.11.2015.570
+test571,123123,Sdfepfl+07.11.2015.571
+test572,123123,Sdfepfl+07.11.2015.572
+test573,123123,Sdfepfl+07.11.2015.573
+test574,123123,Sdfepfl+07.11.2015.574
+test575,123123,Sdfepfl+07.11.2015.575
+test576,123123,Sdfepfl+07.11.2015.576
+test577,123123,Sdfepfl+07.11.2015.577
+test578,123123,Sdfepfl+07.11.2015.578
+test579,123123,Sdfepfl+07.11.2015.579
+test580,123123,Sdfepfl+07.11.2015.580
+test581,123123,Sdfepfl+07.11.2015.581
+test582,123123,Sdfepfl+07.11.2015.582
+test583,123123,Sdfepfl+07.11.2015.583
+test584,123123,Sdfepfl+07.11.2015.584
+test585,123123,Sdfepfl+07.11.2015.585
+test586,123123,Sdfepfl+07.11.2015.586
+test587,123123,Sdfepfl+07.11.2015.587
+test588,123123,Sdfepfl+07.11.2015.588
+test589,123123,Sdfepfl+07.11.2015.589
+test590,123123,Sdfepfl+07.11.2015.590
+test591,123123,Sdfepfl+07.11.2015.591
+test592,123123,Sdfepfl+07.11.2015.592
+test593,123123,Sdfepfl+07.11.2015.593
+test594,123123,Sdfepfl+07.11.2015.594
+test595,123123,Sdfepfl+07.11.2015.595
+test596,123123,Sdfepfl+07.11.2015.596
+test597,123123,Sdfepfl+07.11.2015.597
+test598,123123,Sdfepfl+07.11.2015.598
+test599,123123,Sdfepfl+07.11.2015.599
+test600,123123,Sdfepfl+07.11.2015.600
+test601,123123,Sdfepfl+07.11.2015.601
+test602,123123,Sdfepfl+07.11.2015.602
+test603,123123,Sdfepfl+07.11.2015.603
+test604,123123,Sdfepfl+07.11.2015.604
+test605,123123,Sdfepfl+07.11.2015.605
+test606,123123,Sdfepfl+07.11.2015.606
+test607,123123,Sdfepfl+07.11.2015.607
+test608,123123,Sdfepfl+07.11.2015.608
+test609,123123,Sdfepfl+07.11.2015.609
+test610,123123,Sdfepfl+07.11.2015.610
+test611,123123,Sdfepfl+07.11.2015.611
+test612,123123,Sdfepfl+07.11.2015.612
+test613,123123,Sdfepfl+07.11.2015.613
+test614,123123,Sdfepfl+07.11.2015.614
+test615,123123,Sdfepfl+07.11.2015.615
+test616,123123,Sdfepfl+07.11.2015.616
+test617,123123,Sdfepfl+07.11.2015.617
+test618,123123,Sdfepfl+07.11.2015.618
+test619,123123,Sdfepfl+07.11.2015.619
+test620,123123,Sdfepfl+07.11.2015.620
+test621,123123,Sdfepfl+07.11.2015.621
+test622,123123,Sdfepfl+07.11.2015.622
+test623,123123,Sdfepfl+07.11.2015.623
+test624,123123,Sdfepfl+07.11.2015.624
+test625,123123,Sdfepfl+07.11.2015.625
+test626,123123,Sdfepfl+07.11.2015.626
+test627,123123,Sdfepfl+07.11.2015.627
+test628,123123,Sdfepfl+07.11.2015.628
+test629,123123,Sdfepfl+07.11.2015.629
+test630,123123,Sdfepfl+07.11.2015.630
+test631,123123,Sdfepfl+07.11.2015.631
+test632,123123,Sdfepfl+07.11.2015.632
+test633,123123,Sdfepfl+07.11.2015.633
+test634,123123,Sdfepfl+07.11.2015.634
+test635,123123,Sdfepfl+07.11.2015.635
+test636,123123,Sdfepfl+07.11.2015.636
+test637,123123,Sdfepfl+07.11.2015.637
+test638,123123,Sdfepfl+07.11.2015.638
+test639,123123,Sdfepfl+07.11.2015.639
+test640,123123,Sdfepfl+07.11.2015.640
+test641,123123,Sdfepfl+07.11.2015.641
+test642,123123,Sdfepfl+07.11.2015.642
+test643,123123,Sdfepfl+07.11.2015.643
+test644,123123,Sdfepfl+07.11.2015.644
+test645,123123,Sdfepfl+07.11.2015.645
+test646,123123,Sdfepfl+07.11.2015.646
+test647,123123,Sdfepfl+07.11.2015.647
+test648,123123,Sdfepfl+07.11.2015.648
+test649,123123,Sdfepfl+07.11.2015.649
+test650,123123,Sdfepfl+07.11.2015.650
+test651,123123,Sdfepfl+07.11.2015.651
+test652,123123,Sdfepfl+07.11.2015.652
+test653,123123,Sdfepfl+07.11.2015.653
+test654,123123,Sdfepfl+07.11.2015.654
+test655,123123,Sdfepfl+07.11.2015.655
+test656,123123,Sdfepfl+07.11.2015.656
+test657,123123,Sdfepfl+07.11.2015.657
+test658,123123,Sdfepfl+07.11.2015.658
+test659,123123,Sdfepfl+07.11.2015.659
+test660,123123,Sdfepfl+07.11.2015.660
+test661,123123,Sdfepfl+07.11.2015.661
+test662,123123,Sdfepfl+07.11.2015.662
+test663,123123,Sdfepfl+07.11.2015.663
+test664,123123,Sdfepfl+07.11.2015.664
+test665,123123,Sdfepfl+07.11.2015.665
+test666,123123,Sdfepfl+07.11.2015.666
+test667,123123,Sdfepfl+07.11.2015.667
+test668,123123,Sdfepfl+07.11.2015.668
+test669,123123,Sdfepfl+07.11.2015.669
+test670,123123,Sdfepfl+07.11.2015.670
+test671,123123,Sdfepfl+07.11.2015.671
+test672,123123,Sdfepfl+07.11.2015.672
+test673,123123,Sdfepfl+07.11.2015.673
+test674,123123,Sdfepfl+07.11.2015.674
+test675,123123,Sdfepfl+07.11.2015.675
+test676,123123,Sdfepfl+07.11.2015.676
+test677,123123,Sdfepfl+07.11.2015.677
+test678,123123,Sdfepfl+07.11.2015.678
+test679,123123,Sdfepfl+07.11.2015.679
+test680,123123,Sdfepfl+07.11.2015.680
+test681,123123,Sdfepfl+07.11.2015.681
+test682,123123,Sdfepfl+07.11.2015.682
+test683,123123,Sdfepfl+07.11.2015.683
+test684,123123,Sdfepfl+07.11.2015.684
+test685,123123,Sdfepfl+07.11.2015.685
+test686,123123,Sdfepfl+07.11.2015.686
+test687,123123,Sdfepfl+07.11.2015.687
+test688,123123,Sdfepfl+07.11.2015.688
+test689,123123,Sdfepfl+07.11.2015.689
+test690,123123,Sdfepfl+07.11.2015.690
+test691,123123,Sdfepfl+07.11.2015.691
+test692,123123,Sdfepfl+07.11.2015.692
+test693,123123,Sdfepfl+07.11.2015.693
+test694,123123,Sdfepfl+07.11.2015.694
+test695,123123,Sdfepfl+07.11.2015.695
+test696,123123,Sdfepfl+07.11.2015.696
+test697,123123,Sdfepfl+07.11.2015.697
+test698,123123,Sdfepfl+07.11.2015.698
+test699,123123,Sdfepfl+07.11.2015.699
+test700,123123,Sdfepfl+07.11.2015.700
+test701,123123,Sdfepfl+07.11.2015.701
+test702,123123,Sdfepfl+07.11.2015.702
+test703,123123,Sdfepfl+07.11.2015.703
+test704,123123,Sdfepfl+07.11.2015.704
+test705,123123,Sdfepfl+07.11.2015.705
+test706,123123,Sdfepfl+07.11.2015.706
+test707,123123,Sdfepfl+07.11.2015.707
+test708,123123,Sdfepfl+07.11.2015.708
+test709,123123,Sdfepfl+07.11.2015.709
+test710,123123,Sdfepfl+07.11.2015.710
+test711,123123,Sdfepfl+07.11.2015.711
+test712,123123,Sdfepfl+07.11.2015.712
+test713,123123,Sdfepfl+07.11.2015.713
+test714,123123,Sdfepfl+07.11.2015.714
+test715,123123,Sdfepfl+07.11.2015.715
+test716,123123,Sdfepfl+07.11.2015.716
+test717,123123,Sdfepfl+07.11.2015.717
+test718,123123,Sdfepfl+07.11.2015.718
+test719,123123,Sdfepfl+07.11.2015.719
+test720,123123,Sdfepfl+07.11.2015.720
+test721,123123,Sdfepfl+07.11.2015.721
+test722,123123,Sdfepfl+07.11.2015.722
+test723,123123,Sdfepfl+07.11.2015.723
+test724,123123,Sdfepfl+07.11.2015.724
+test725,123123,Sdfepfl+07.11.2015.725
+test726,123123,Sdfepfl+07.11.2015.726
+test727,123123,Sdfepfl+07.11.2015.727
+test728,123123,Sdfepfl+07.11.2015.728
+test729,123123,Sdfepfl+07.11.2015.729
+test730,123123,Sdfepfl+07.11.2015.730
+test731,123123,Sdfepfl+07.11.2015.731
+test732,123123,Sdfepfl+07.11.2015.732
+test733,123123,Sdfepfl+07.11.2015.733
+test734,123123,Sdfepfl+07.11.2015.734
+test735,123123,Sdfepfl+07.11.2015.735
+test736,123123,Sdfepfl+07.11.2015.736
+test737,123123,Sdfepfl+07.11.2015.737
+test738,123123,Sdfepfl+07.11.2015.738
+test739,123123,Sdfepfl+07.11.2015.739
+test740,123123,Sdfepfl+07.11.2015.740
+test741,123123,Sdfepfl+07.11.2015.741
+test742,123123,Sdfepfl+07.11.2015.742
+test743,123123,Sdfepfl+07.11.2015.743
+test744,123123,Sdfepfl+07.11.2015.744
+test745,123123,Sdfepfl+07.11.2015.745
+test746,123123,Sdfepfl+07.11.2015.746
+test747,123123,Sdfepfl+07.11.2015.747
+test748,123123,Sdfepfl+07.11.2015.748
+test749,123123,Sdfepfl+07.11.2015.749
+test750,123123,Sdfepfl+07.11.2015.750
+test751,123123,Sdfepfl+07.11.2015.751
+test752,123123,Sdfepfl+07.11.2015.752
+test753,123123,Sdfepfl+07.11.2015.753
+test754,123123,Sdfepfl+07.11.2015.754
+test755,123123,Sdfepfl+07.11.2015.755
+test756,123123,Sdfepfl+07.11.2015.756
+test757,123123,Sdfepfl+07.11.2015.757
+test758,123123,Sdfepfl+07.11.2015.758
+test759,123123,Sdfepfl+07.11.2015.759
+test760,123123,Sdfepfl+07.11.2015.760
+test761,123123,Sdfepfl+07.11.2015.761
+test762,123123,Sdfepfl+07.11.2015.762
+test763,123123,Sdfepfl+07.11.2015.763
+test764,123123,Sdfepfl+07.11.2015.764
+test765,123123,Sdfepfl+07.11.2015.765
+test766,123123,Sdfepfl+07.11.2015.766
+test767,123123,Sdfepfl+07.11.2015.767
+test768,123123,Sdfepfl+07.11.2015.768
+test769,123123,Sdfepfl+07.11.2015.769
+test770,123123,Sdfepfl+07.11.2015.770
+test771,123123,Sdfepfl+07.11.2015.771
+test772,123123,Sdfepfl+07.11.2015.772
+test773,123123,Sdfepfl+07.11.2015.773
+test774,123123,Sdfepfl+07.11.2015.774
+test775,123123,Sdfepfl+07.11.2015.775
+test776,123123,Sdfepfl+07.11.2015.776
+test777,123123,Sdfepfl+07.11.2015.777
+test778,123123,Sdfepfl+07.11.2015.778
+test779,123123,Sdfepfl+07.11.2015.779
+test780,123123,Sdfepfl+07.11.2015.780
+test781,123123,Sdfepfl+07.11.2015.781
+test782,123123,Sdfepfl+07.11.2015.782
+test783,123123,Sdfepfl+07.11.2015.783
+test784,123123,Sdfepfl+07.11.2015.784
+test785,123123,Sdfepfl+07.11.2015.785
+test786,123123,Sdfepfl+07.11.2015.786
+test787,123123,Sdfepfl+07.11.2015.787
+test788,123123,Sdfepfl+07.11.2015.788
+test789,123123,Sdfepfl+07.11.2015.789
+test790,123123,Sdfepfl+07.11.2015.790
+test791,123123,Sdfepfl+07.11.2015.791
+test792,123123,Sdfepfl+07.11.2015.792
+test793,123123,Sdfepfl+07.11.2015.793
+test794,123123,Sdfepfl+07.11.2015.794
+test795,123123,Sdfepfl+07.11.2015.795
+test796,123123,Sdfepfl+07.11.2015.796
+test797,123123,Sdfepfl+07.11.2015.797
+test798,123123,Sdfepfl+07.11.2015.798
+test799,123123,Sdfepfl+07.11.2015.799
+test800,123123,Sdfepfl+07.11.2015.800
+test801,123123,Sdfepfl+07.11.2015.801
+test802,123123,Sdfepfl+07.11.2015.802
+test803,123123,Sdfepfl+07.11.2015.803
+test804,123123,Sdfepfl+07.11.2015.804
+test805,123123,Sdfepfl+07.11.2015.805
+test806,123123,Sdfepfl+07.11.2015.806
+test807,123123,Sdfepfl+07.11.2015.807
+test808,123123,Sdfepfl+07.11.2015.808
+test809,123123,Sdfepfl+07.11.2015.809
+test810,123123,Sdfepfl+07.11.2015.810
+test811,123123,Sdfepfl+07.11.2015.811
+test812,123123,Sdfepfl+07.11.2015.812
+test813,123123,Sdfepfl+07.11.2015.813
+test814,123123,Sdfepfl+07.11.2015.814
+test815,123123,Sdfepfl+07.11.2015.815
+test816,123123,Sdfepfl+07.11.2015.816
+test817,123123,Sdfepfl+07.11.2015.817
+test818,123123,Sdfepfl+07.11.2015.818
+test819,123123,Sdfepfl+07.11.2015.819
+test820,123123,Sdfepfl+07.11.2015.820
+test821,123123,Sdfepfl+07.11.2015.821
+test822,123123,Sdfepfl+07.11.2015.822
+test823,123123,Sdfepfl+07.11.2015.823
+test824,123123,Sdfepfl+07.11.2015.824
+test825,123123,Sdfepfl+07.11.2015.825
+test826,123123,Sdfepfl+07.11.2015.826
+test827,123123,Sdfepfl+07.11.2015.827
+test828,123123,Sdfepfl+07.11.2015.828
+test829,123123,Sdfepfl+07.11.2015.829
+test830,123123,Sdfepfl+07.11.2015.830
+test831,123123,Sdfepfl+07.11.2015.831
+test832,123123,Sdfepfl+07.11.2015.832
+test833,123123,Sdfepfl+07.11.2015.833
+test834,123123,Sdfepfl+07.11.2015.834
+test835,123123,Sdfepfl+07.11.2015.835
+test836,123123,Sdfepfl+07.11.2015.836
+test837,123123,Sdfepfl+07.11.2015.837
+test838,123123,Sdfepfl+07.11.2015.838
+test839,123123,Sdfepfl+07.11.2015.839
+test840,123123,Sdfepfl+07.11.2015.840
+test841,123123,Sdfepfl+07.11.2015.841
+test842,123123,Sdfepfl+07.11.2015.842
+test843,123123,Sdfepfl+07.11.2015.843
+test844,123123,Sdfepfl+07.11.2015.844
+test845,123123,Sdfepfl+07.11.2015.845
+test846,123123,Sdfepfl+07.11.2015.846
+test847,123123,Sdfepfl+07.11.2015.847
+test848,123123,Sdfepfl+07.11.2015.848
+test849,123123,Sdfepfl+07.11.2015.849
+test850,123123,Sdfepfl+07.11.2015.850
+test851,123123,Sdfepfl+07.11.2015.851
+test852,123123,Sdfepfl+07.11.2015.852
+test853,123123,Sdfepfl+07.11.2015.853
+test854,123123,Sdfepfl+07.11.2015.854
+test855,123123,Sdfepfl+07.11.2015.855
+test856,123123,Sdfepfl+07.11.2015.856
+test857,123123,Sdfepfl+07.11.2015.857
+test858,123123,Sdfepfl+07.11.2015.858
+test859,123123,Sdfepfl+07.11.2015.859
+test860,123123,Sdfepfl+07.11.2015.860
+test861,123123,Sdfepfl+07.11.2015.861
+test862,123123,Sdfepfl+07.11.2015.862
+test863,123123,Sdfepfl+07.11.2015.863
+test864,123123,Sdfepfl+07.11.2015.864
+test865,123123,Sdfepfl+07.11.2015.865
+test866,123123,Sdfepfl+07.11.2015.866
+test867,123123,Sdfepfl+07.11.2015.867
+test868,123123,Sdfepfl+07.11.2015.868
+test869,123123,Sdfepfl+07.11.2015.869
+test870,123123,Sdfepfl+07.11.2015.870
+test871,123123,Sdfepfl+07.11.2015.871
+test872,123123,Sdfepfl+07.11.2015.872
+test873,123123,Sdfepfl+07.11.2015.873
+test874,123123,Sdfepfl+07.11.2015.874
+test875,123123,Sdfepfl+07.11.2015.875
+test876,123123,Sdfepfl+07.11.2015.876
+test877,123123,Sdfepfl+07.11.2015.877
+test878,123123,Sdfepfl+07.11.2015.878
+test879,123123,Sdfepfl+07.11.2015.879
+test880,123123,Sdfepfl+07.11.2015.880
+test881,123123,Sdfepfl+07.11.2015.881
+test882,123123,Sdfepfl+07.11.2015.882
+test883,123123,Sdfepfl+07.11.2015.883
+test884,123123,Sdfepfl+07.11.2015.884
+test885,123123,Sdfepfl+07.11.2015.885
+test886,123123,Sdfepfl+07.11.2015.886
+test887,123123,Sdfepfl+07.11.2015.887
+test888,123123,Sdfepfl+07.11.2015.888
+test889,123123,Sdfepfl+07.11.2015.889
+test890,123123,Sdfepfl+07.11.2015.890
+test891,123123,Sdfepfl+07.11.2015.891
+test892,123123,Sdfepfl+07.11.2015.892
+test893,123123,Sdfepfl+07.11.2015.893
+test894,123123,Sdfepfl+07.11.2015.894
+test895,123123,Sdfepfl+07.11.2015.895
+test896,123123,Sdfepfl+07.11.2015.896
+test897,123123,Sdfepfl+07.11.2015.897
+test898,123123,Sdfepfl+07.11.2015.898
+test899,123123,Sdfepfl+07.11.2015.899
+test900,123123,Sdfepfl+07.11.2015.900
+test901,123123,Sdfepfl+07.11.2015.901
+test902,123123,Sdfepfl+07.11.2015.902
+test903,123123,Sdfepfl+07.11.2015.903
+test904,123123,Sdfepfl+07.11.2015.904
+test905,123123,Sdfepfl+07.11.2015.905
+test906,123123,Sdfepfl+07.11.2015.906
+test907,123123,Sdfepfl+07.11.2015.907
+test908,123123,Sdfepfl+07.11.2015.908
+test909,123123,Sdfepfl+07.11.2015.909
+test910,123123,Sdfepfl+07.11.2015.910
+test911,123123,Sdfepfl+07.11.2015.911
+test912,123123,Sdfepfl+07.11.2015.912
+test913,123123,Sdfepfl+07.11.2015.913
+test914,123123,Sdfepfl+07.11.2015.914
+test915,123123,Sdfepfl+07.11.2015.915
+test916,123123,Sdfepfl+07.11.2015.916
+test917,123123,Sdfepfl+07.11.2015.917
+test918,123123,Sdfepfl+07.11.2015.918
+test919,123123,Sdfepfl+07.11.2015.919
+test920,123123,Sdfepfl+07.11.2015.920
+test921,123123,Sdfepfl+07.11.2015.921
+test922,123123,Sdfepfl+07.11.2015.922
+test923,123123,Sdfepfl+07.11.2015.923
+test924,123123,Sdfepfl+07.11.2015.924
+test925,123123,Sdfepfl+07.11.2015.925
+test926,123123,Sdfepfl+07.11.2015.926
+test927,123123,Sdfepfl+07.11.2015.927
+test928,123123,Sdfepfl+07.11.2015.928
+test929,123123,Sdfepfl+07.11.2015.929
+test930,123123,Sdfepfl+07.11.2015.930
+test931,123123,Sdfepfl+07.11.2015.931
+test932,123123,Sdfepfl+07.11.2015.932
+test933,123123,Sdfepfl+07.11.2015.933
+test934,123123,Sdfepfl+07.11.2015.934
+test935,123123,Sdfepfl+07.11.2015.935
+test936,123123,Sdfepfl+07.11.2015.936
+test937,123123,Sdfepfl+07.11.2015.937
+test938,123123,Sdfepfl+07.11.2015.938
+test939,123123,Sdfepfl+07.11.2015.939
+test940,123123,Sdfepfl+07.11.2015.940
+test941,123123,Sdfepfl+07.11.2015.941
+test942,123123,Sdfepfl+07.11.2015.942
+test943,123123,Sdfepfl+07.11.2015.943
+test944,123123,Sdfepfl+07.11.2015.944
+test945,123123,Sdfepfl+07.11.2015.945
+test946,123123,Sdfepfl+07.11.2015.946
+test947,123123,Sdfepfl+07.11.2015.947
+test948,123123,Sdfepfl+07.11.2015.948
+test949,123123,Sdfepfl+07.11.2015.949
+test950,123123,Sdfepfl+07.11.2015.950
+test951,123123,Sdfepfl+07.11.2015.951
+test952,123123,Sdfepfl+07.11.2015.952
+test953,123123,Sdfepfl+07.11.2015.953
+test954,123123,Sdfepfl+07.11.2015.954
+test955,123123,Sdfepfl+07.11.2015.955
+test956,123123,Sdfepfl+07.11.2015.956
+test957,123123,Sdfepfl+07.11.2015.957
+test958,123123,Sdfepfl+07.11.2015.958
+test959,123123,Sdfepfl+07.11.2015.959
+test960,123123,Sdfepfl+07.11.2015.960
+test961,123123,Sdfepfl+07.11.2015.961
+test962,123123,Sdfepfl+07.11.2015.962
+test963,123123,Sdfepfl+07.11.2015.963
+test964,123123,Sdfepfl+07.11.2015.964
+test965,123123,Sdfepfl+07.11.2015.965
+test966,123123,Sdfepfl+07.11.2015.966
+test967,123123,Sdfepfl+07.11.2015.967
+test968,123123,Sdfepfl+07.11.2015.968
+test969,123123,Sdfepfl+07.11.2015.969
+test970,123123,Sdfepfl+07.11.2015.970
+test971,123123,Sdfepfl+07.11.2015.971
+test972,123123,Sdfepfl+07.11.2015.972
+test973,123123,Sdfepfl+07.11.2015.973
+test974,123123,Sdfepfl+07.11.2015.974
+test975,123123,Sdfepfl+07.11.2015.975
+test976,123123,Sdfepfl+07.11.2015.976
+test977,123123,Sdfepfl+07.11.2015.977
+test978,123123,Sdfepfl+07.11.2015.978
+test979,123123,Sdfepfl+07.11.2015.979
+test980,123123,Sdfepfl+07.11.2015.980
+test981,123123,Sdfepfl+07.11.2015.981
+test982,123123,Sdfepfl+07.11.2015.982
+test983,123123,Sdfepfl+07.11.2015.983
+test984,123123,Sdfepfl+07.11.2015.984
+test985,123123,Sdfepfl+07.11.2015.985
+test986,123123,Sdfepfl+07.11.2015.986
+test987,123123,Sdfepfl+07.11.2015.987
+test988,123123,Sdfepfl+07.11.2015.988
+test989,123123,Sdfepfl+07.11.2015.989
+test990,123123,Sdfepfl+07.11.2015.990
+test991,123123,Sdfepfl+07.11.2015.991
+test992,123123,Sdfepfl+07.11.2015.992
+test993,123123,Sdfepfl+07.11.2015.993
+test994,123123,Sdfepfl+07.11.2015.994
+test995,123123,Sdfepfl+07.11.2015.995
+test996,123123,Sdfepfl+07.11.2015.996
+test997,123123,Sdfepfl+07.11.2015.997
+test998,123123,Sdfepfl+07.11.2015.998
+test999,123123,Sdfepfl+07.11.2015.999
